"interview_id","psu","dogs","Sex","Age","Castrated","Adopted","Lost"
1,354850005000261,0,"Female",0,"no",0,0
2,354850005000261,1,"Female",1,"no",0,0
3,354850005000261,0,"Female",10,"no",1,0
4,354850005000261,0,"Male",10,"no",0,0
5,354850005000506,0,"Male",4,"no",0,0
6,354850005000506,1,"Male",5,"no",0,0
7,354850005000506,1,"Female",4,"no",0,0
8,354850005000506,1,"Female",1,"yes",0,0
9,354850005000663,0,"Female",17,"no",0,0
10,354850005000663,0,"Male",0,"no",0,0
11,354850005000663,0,"Male",0,"no",1,0
12,354850005000663,0,"Male",2,"no",0,0
13,354850005000019,0,"Male",9,"no",0,0
14,354850005000019,1,"Female",4,"no",0,0
15,354850005000019,1,"Female",6,"no",0,0
16,354850005000019,0,"Female",6,"no",0,0
17,354850005000645,0,"Female",3,"no",0,0
18,354850005000645,0,"Female",4,"no",0,0
19,354850005000645,1,"Male",15,"yes",0,0
20,354850005000645,0,"Male",8,"no",0,0
21,354850005000312,0,"Male",2,"yes",0,0
22,354850005000312,1,"Male",6,"no",0,0
23,354850005000312,0,"Male",6,"no",0,0
24,354850005000312,1,"Male",3,"no",0,0
25,354850005000469,2,"Male",9,"yes",0,0
26,354850005000469,0,"Female",9,"no",0,0
27,354850005000469,0,"Female",4,"no",0,0
28,354850005000469,0,"Male",3,"no",0,0
29,354850005000092,0,"Female",3,"no",0,0
30,354850005000092,0,"Female",12,"no",0,0
31,354850005000092,0,"Female",0,"no",0,0
32,354850005000092,1,"Male",9,"yes",0,0
33,354850005000204,1,"Male",6,"no",0,0
34,354850005000204,0,"Female",5,"no",0,0
35,354850005000204,2,"Female",3,"no",0,0
36,354850005000204,1,"Female",2,"no",0,0
37,354850005000303,2,"Male",10,"no",0,0
38,354850005000303,0,"Male",9,"no",0,0
39,354850005000303,1,"Male",12,"no",0,0
40,354850005000303,1,"Male",7,"no",0,0
41,354850005000262,1,"Male",12,"no",0,0
42,354850005000262,0,"Male",5,"yes",0,0
43,354850005000262,1,"Male",5,"no",0,0
44,354850005000262,2,"Male",13,"no",0,0
45,354850005000113,0,"Male",10,"yes",0,0
46,354850005000113,0,"Female",8,"no",0,0
47,354850005000113,1,"Female",7,"no",0,0
48,354850005000113,2,"Female",10,"no",0,0
49,354850005000192,0,"Female",6,"no",0,0
50,354850005000192,0,"Female",10,"no",0,0
51,354850005000192,0,"Female",2,"no",0,0
52,354850005000192,0,"Female",2,"no",1,0
53,354850005000205,1,"Female",2,"yes",0,0
54,354850005000205,1,"Female",1,"no",0,0
55,354850005000205,1,"Male",4,"no",1,0
56,354850005000205,2,"Female",8,"no",0,0
57,354850005000004,1,"Male",15,"no",0,0
58,354850005000004,0,"Male",8,"no",1,0
59,354850005000004,2,"Female",0,"yes",0,0
60,354850005000004,1,"Female",3,"no",1,0
61,354850005000438,0,"Female",5,"no",0,0
62,354850005000438,1,"Female",5,"no",0,0
63,354850005000438,1,"Female",1,"no",0,0
64,354850005000438,0,"Male",3,"no",0,0
65,354850005000364,2,"Male",10,"no",0,0
66,354850005000364,1,"Male",10,"no",0,0
67,354850005000364,0,"Male",10,"no",0,0
68,354850005000364,1,"Female",5,"no",0,0
69,354850005000085,0,"Male",10,"no",0,0
70,354850005000085,0,"Female",13,"no",0,0
71,354850005000085,1,"Male",4,"no",0,0
72,354850005000085,0,"Male",5,"no",0,0
73,354850005000299,0,"Male",2,"no",0,0
74,354850005000299,1,"Female",1,"no",0,0
75,354850005000299,1,"Female",0,"no",0,0
76,354850005000299,0,"Female",11,"no",0,0
77,354850005000231,0,"Male",9,"no",0,0
78,354850005000231,0,"Male",1,"no",0,0
79,354850005000231,0,"Male",0,"no",0,0
80,354850005000231,1,"Female",4,"yes",0,0
81,354850005000623,1,"Male",8,"yes",0,0
82,354850005000623,1,"Male",1,"yes",0,0
83,354850005000623,1,"Female",7,"no",0,0
84,354850005000623,0,"Male",9,"no",0,1
85,354850005000521,0,"Male",0,"yes",1,0
86,354850005000521,0,"Male",4,"no",0,0
87,354850005000521,2,"Male",1,"no",0,0
88,354850005000521,0,"Male",13,"no",0,0
89,354850005000414,1,"Female",13,"no",0,0
90,354850005000414,1,"Male",0,"no",0,0
91,354850005000414,1,"Female",3,"yes",0,0
92,354850005000414,1,"Male",7,"no",0,0
93,354850005000013,0,"Female",9,"yes",0,0
94,354850005000013,1,"Female",2,"no",0,0
95,354850005000013,1,"Male",3,"no",0,0
96,354850005000013,1,"Male",1,"no",0,0
97,354850005000187,0,"Male",7,"yes",0,0
98,354850005000187,0,"Male",4,"no",0,0
99,354850005000187,0,"Female",2,"no",0,0
100,354850005000187,0,"Male",3,"no",0,0
101,354850005000404,0,"Female",12,"no",0,0
102,354850005000404,2,"Male",11,"no",0,0
103,354850005000404,1,"Female",3,"no",0,0
104,354850005000404,1,"Female",6,"no",0,0
105,354850005000454,0,"Male",9,"no",0,0
106,354850005000454,0,"Male",8,"no",0,0
107,354850005000454,0,"Male",1,"yes",0,0
108,354850005000454,1,"Female",1,"no",0,0
109,354850005000420,0,"Female",0,"no",0,0
110,354850005000420,0,"Female",3,"no",1,0
111,354850005000420,0,"Male",10,"no",0,0
112,354850005000420,1,"Male",7,"no",0,0
113,354850005000666,3,"Female",8,"no",0,0
114,354850005000666,1,"Male",13,"no",0,0
115,354850005000666,2,"Female",7,"no",0,0
116,354850005000666,1,"Male",8,"no",0,0
117,354850005000645,0,"Female",3,"no",0,0
118,354850005000645,2,"Male",5,"no",0,0
119,354850005000645,1,"Male",11,"no",1,0
120,354850005000645,2,"Female",1,"no",0,0
121,354850005000419,1,"Male",2,"no",0,0
122,354850005000419,0,"Female",1,"no",0,0
123,354850005000419,1,"Female",3,"no",1,0
124,354850005000419,0,"Male",14,"no",0,0
125,354850005000427,1,"Male",5,"no",0,0
126,354850005000427,0,"Male",14,"yes",0,0
127,354850005000427,0,"Male",10,"no",0,0
128,354850005000427,0,"Male",14,"yes",0,0
129,354850005000642,1,"Male",0,"no",0,0
130,354850005000642,3,"Male",0,"no",0,1
131,354850005000642,1,"Male",5,"no",0,0
132,354850005000642,0,"Female",10,"no",0,0
133,354850005000371,1,"Male",6,"no",0,0
134,354850005000371,0,"Male",2,"yes",0,0
135,354850005000371,0,"Male",5,"no",0,0
136,354850005000371,1,"Male",1,"no",0,0
137,354850005000085,2,"Male",9,"no",0,1
138,354850005000085,1,"Female",1,"no",0,0
139,354850005000085,1,"Female",14,"no",0,0
140,354850005000085,0,"Male",2,"no",0,1
141,354850005000148,2,"Female",13,"no",0,0
142,354850005000148,2,"Female",3,"no",0,0
143,354850005000148,1,"Female",0,"no",0,0
144,354850005000148,1,"Female",0,"no",0,0
145,354850005000334,1,"Male",11,"no",1,0
146,354850005000334,2,"Male",0,"no",0,0
147,354850005000334,1,"Female",5,"yes",0,1
148,354850005000334,0,"Male",17,"no",0,0
149,354850005000266,1,"Male",2,"no",0,0
150,354850005000266,0,"Female",8,"no",0,0
151,354850005000266,0,"Female",14,"no",1,0
152,354850005000266,1,"Female",3,"yes",1,0
153,354850005000389,1,"Female",1,"no",0,0
154,354850005000389,3,"Female",5,"yes",1,0
155,354850005000389,1,"Male",3,"no",0,0
156,354850005000389,1,"Female",8,"no",0,0
157,354850005000052,2,"Male",2,"no",0,0
158,354850005000052,2,"Female",9,"no",0,0
159,354850005000052,0,"Female",11,"no",0,0
160,354850005000052,1,"Male",12,"no",0,0
161,354850005000659,1,"Male",11,"no",0,0
162,354850005000659,0,"Male",1,"no",0,0
163,354850005000659,0,"Female",2,"no",0,0
164,354850005000659,1,"Male",2,"no",0,0
165,354850005000641,2,"Female",3,"yes",0,0
166,354850005000641,0,"Female",8,"no",0,1
167,354850005000641,0,"Female",0,"no",0,0
168,354850005000641,1,"Male",1,"no",0,0
169,354850005000328,2,"Male",1,"no",1,0
170,354850005000328,0,"Male",1,"no",0,0
171,354850005000328,0,"Female",0,"no",0,0
172,354850005000328,4,"Male",10,"yes",0,0
173,354850005000117,2,"Male",10,"yes",0,0
174,354850005000117,0,"Male",1,"yes",0,0
175,354850005000117,1,"Male",2,"no",0,0
176,354850005000117,0,"Female",5,"yes",0,0
177,354850005000571,1,"Male",13,"no",0,0
178,354850005000571,1,"Female",7,"yes",0,0
179,354850005000571,0,"Male",1,"no",0,0
180,354850005000571,0,"Male",6,"no",1,0
181,354850005000239,0,"Female",0,"no",0,0
182,354850005000239,4,"Male",5,"yes",0,0
183,354850005000239,1,"Male",0,"yes",0,0
184,354850005000239,0,"Male",5,"no",0,0
185,354850005000337,3,"Male",1,"no",0,0
186,354850005000337,2,"Female",11,"no",0,1
187,354850005000337,3,"Female",2,"yes",0,0
188,354850005000337,0,"Male",4,"no",0,0
189,354850005000538,0,"Male",9,"yes",1,0
190,354850005000538,0,"Female",7,"no",1,0
191,354850005000538,0,"Male",4,"no",0,0
192,354850005000538,0,"Male",5,"no",0,0
193,354850005000363,1,"Male",5,"yes",0,0
194,354850005000363,0,"Female",3,"no",0,0
195,354850005000363,0,"Female",9,"no",0,0
196,354850005000363,1,"Female",4,"no",0,0
197,354850005000151,2,"Female",5,"no",0,0
198,354850005000151,0,"Male",3,"no",1,0
199,354850005000151,0,"Female",3,"no",0,0
200,354850005000151,0,"Female",4,"no",0,0
201,354850005000536,2,"Male",13,"no",0,0
202,354850005000536,1,"Male",4,"no",0,0
203,354850005000536,2,"Female",1,"no",0,0
204,354850005000536,1,"Female",1,"no",1,0
205,354850005000415,1,"Male",0,"yes",0,0
206,354850005000415,1,"Male",15,"no",0,0
207,354850005000415,1,"Female",2,"no",0,0
208,354850005000415,0,"Male",5,"no",0,0
209,354850005000668,3,"Female",4,"no",0,0
210,354850005000668,3,"Male",10,"no",0,0
211,354850005000668,2,"Female",1,"no",0,0
212,354850005000668,2,"Male",11,"no",1,0
213,354850005000006,1,"Female",1,"yes",0,0
214,354850005000006,0,"Female",4,"no",0,0
215,354850005000006,1,"Male",15,"no",0,0
216,354850005000006,0,"Male",13,"no",0,0
217,354850005000159,2,"Male",6,"no",0,0
218,354850005000159,0,"Male",10,"yes",0,0
219,354850005000159,1,"Male",1,"yes",0,0
220,354850005000159,1,"Male",4,"no",0,0
221,354850005000433,0,"Male",9,"no",0,0
222,354850005000433,1,"Female",8,"no",0,0
223,354850005000433,0,"Male",12,"no",0,0
224,354850005000433,0,"Female",1,"no",0,0
225,354850005000502,0,"Male",1,"no",0,0
226,354850005000502,1,"Male",3,"yes",1,0
227,354850005000502,2,"Male",11,"no",0,0
228,354850005000502,0,"Female",7,"no",0,0
229,354850005000242,2,"Male",12,"no",0,0
230,354850005000242,0,"Male",6,"yes",0,0
231,354850005000242,0,"Male",3,"yes",0,0
232,354850005000242,0,"Female",5,"no",0,0
233,354850005000587,0,"Female",4,"no",0,0
234,354850005000587,1,"Female",12,"no",0,0
235,354850005000587,3,"Female",6,"no",0,0
236,354850005000587,0,"Female",3,"no",0,0
237,354850005000239,0,"Male",5,"no",0,0
238,354850005000239,0,"Female",9,"no",0,0
239,354850005000239,2,"Male",9,"no",0,0
240,354850005000239,1,"Male",6,"no",0,0
241,354850005000148,2,"Female",4,"no",0,0
242,354850005000148,1,"Female",6,"yes",0,0
243,354850005000148,0,"Male",11,"no",0,0
244,354850005000148,2,"Female",7,"yes",0,0
245,354850005000486,0,"Male",9,"no",0,0
246,354850005000486,0,"Male",6,"no",0,0
247,354850005000486,3,"Male",5,"yes",0,0
248,354850005000486,1,"Female",3,"no",0,0
249,354850005000587,0,"Female",17,"no",0,0
250,354850005000587,0,"Female",7,"no",0,0
251,354850005000587,1,"Female",7,"yes",0,0
252,354850005000587,1,"Male",6,"no",0,0
253,354850005000039,1,"Female",11,"yes",0,0
254,354850005000039,0,"Female",9,"no",0,0
255,354850005000039,1,"Female",6,"no",0,0
256,354850005000039,0,"Female",11,"no",0,0
257,354850005000437,1,"Female",6,"no",0,1
258,354850005000437,0,"Male",2,"no",0,0
259,354850005000437,0,"Female",3,"no",1,0
260,354850005000437,0,"Female",0,"no",0,0
261,354850005000550,1,"Male",14,"yes",0,0
262,354850005000550,1,"Male",0,"no",0,0
263,354850005000550,1,"Male",0,"no",0,0
264,354850005000550,0,"Female",9,"no",0,0
265,354850005000370,1,"Female",12,"no",0,0
266,354850005000370,0,"Male",12,"no",0,0
267,354850005000370,4,"Male",8,"no",0,0
268,354850005000370,4,"Female",12,"no",0,0
269,354850005000532,0,"Male",5,"yes",0,0
270,354850005000532,0,"Female",11,"yes",0,0
271,354850005000532,0,"Female",8,"no",1,0
272,354850005000532,0,"Male",17,"no",0,0
273,354850005000560,0,"Male",2,"yes",0,0
274,354850005000560,0,"Male",10,"no",0,0
275,354850005000560,1,"Female",8,"no",0,0
276,354850005000560,0,"Female",6,"yes",1,0
277,354850005000143,3,"Male",9,"no",0,0
278,354850005000143,1,"Male",11,"no",0,0
279,354850005000143,1,"Female",8,"yes",0,0
280,354850005000143,1,"Male",10,"yes",0,0
281,354850005000110,0,"Female",10,"yes",0,0
282,354850005000110,1,"Female",0,"yes",0,0
283,354850005000110,0,"Male",3,"no",1,0
284,354850005000110,1,"Female",0,"no",0,0
285,354850005000164,0,"Male",7,"no",0,0
286,354850005000164,0,"Male",2,"no",1,0
287,354850005000164,1,"Male",0,"no",0,0
288,354850005000164,1,"Female",0,"no",0,0
289,354850005000638,0,"Male",3,"no",0,0
290,354850005000638,1,"Female",1,"no",0,0
291,354850005000638,2,"Male",10,"no",0,0
292,354850005000638,1,"Female",14,"yes",0,0
293,354850005000403,0,"Female",3,"no",0,1
294,354850005000403,0,"Male",11,"no",1,0
295,354850005000403,2,"Male",4,"no",0,0
296,354850005000403,0,"Female",12,"no",0,0
297,354850005000626,1,"Female",4,"no",0,0
298,354850005000626,2,"Male",8,"no",0,0
299,354850005000626,2,"Female",13,"no",0,0
300,354850005000626,0,"Male",7,"no",0,0
301,354850005000162,1,"Female",9,"no",0,0
302,354850005000162,1,"Male",0,"no",1,0
303,354850005000162,1,"Male",4,"no",1,0
304,354850005000162,1,"Female",7,"no",0,0
305,354850005000183,1,"Female",7,"no",0,0
306,354850005000183,0,"Male",0,"yes",0,0
307,354850005000183,0,"Male",1,"no",0,0
308,354850005000183,0,"Male",11,"no",0,0
309,354850005000265,0,"Male",9,"no",0,0
310,354850005000265,1,"Male",3,"no",0,0
311,354850005000265,1,"Male",7,"no",0,0
312,354850005000265,1,"Female",3,"no",0,0
313,354850005000264,0,"Female",7,"no",0,0
314,354850005000264,2,"Female",1,"yes",0,0
315,354850005000264,3,"Female",0,"no",0,0
316,354850005000264,1,"Female",14,"no",0,0
317,354850005000184,0,"Male",4,"no",0,0
318,354850005000184,0,"Female",2,"yes",0,0
319,354850005000184,0,"Female",11,"no",0,0
320,354850005000184,0,"Female",8,"yes",0,0
321,354850005000365,0,"Male",0,"no",0,0
322,354850005000365,1,"Female",6,"no",0,0
323,354850005000365,1,"Female",6,"no",0,0
324,354850005000365,0,"Male",8,"no",0,0
325,354850005000631,1,"Female",9,"no",0,0
326,354850005000631,1,"Male",0,"no",0,0
327,354850005000631,3,"Female",3,"yes",0,0
328,354850005000631,3,"Male",12,"no",0,0
329,354850005000327,0,"Female",3,"no",0,0
330,354850005000327,1,"Female",2,"no",1,0
331,354850005000327,0,"Female",1,"no",1,0
332,354850005000327,1,"Female",3,"no",0,0
333,354850005000570,1,"Female",14,"yes",0,0
334,354850005000570,0,"Female",0,"no",0,0
335,354850005000570,1,"Male",6,"no",0,0
336,354850005000570,2,"Female",2,"no",0,0
337,354850005000323,1,"Male",3,"no",0,0
338,354850005000323,1,"Male",3,"yes",0,0
339,354850005000323,0,"Female",10,"no",0,0
340,354850005000323,0,"Male",7,"no",0,0
341,354850005000025,1,"Male",4,"no",0,0
342,354850005000025,1,"Male",2,"yes",0,0
343,354850005000025,0,"Female",5,"no",0,0
344,354850005000025,0,"Female",8,"no",0,0
345,354850005000472,2,"Female",3,"no",0,0
346,354850005000472,1,"Male",1,"no",0,0
347,354850005000472,1,"Male",8,"no",0,0
348,354850005000472,0,"Female",3,"no",0,0
349,354850005000044,1,"Male",14,"no",0,0
350,354850005000044,1,"Female",4,"no",0,0
351,354850005000044,2,"Male",3,"no",0,0
352,354850005000044,0,"Female",9,"yes",0,0
353,354850005000386,0,"Female",3,"yes",0,0
354,354850005000386,1,"Male",7,"no",1,0
355,354850005000386,0,"Female",1,"no",0,0
356,354850005000386,1,"Male",5,"yes",0,0
357,354850005000575,0,"Male",5,"no",0,0
358,354850005000575,0,"Male",0,"yes",0,0
359,354850005000575,0,"Female",6,"no",0,0
360,354850005000575,0,"Female",12,"no",0,0
361,354850005000165,0,"Female",2,"yes",0,0
362,354850005000165,0,"Female",5,"no",0,0
363,354850005000165,2,"Female",2,"no",0,0
364,354850005000165,0,"Male",9,"no",0,0
365,354850005000468,0,"Female",6,"no",0,0
366,354850005000468,1,"Male",12,"yes",0,0
367,354850005000468,3,"Male",5,"no",1,0
368,354850005000468,1,"Female",7,"no",1,0
369,354850005000054,1,"Female",1,"no",0,0
370,354850005000054,2,"Male",0,"no",0,0
371,354850005000054,1,"Male",13,"no",0,0
372,354850005000054,1,"Male",12,"no",0,0
373,354850005000027,2,"Male",4,"no",0,0
374,354850005000027,0,"Female",14,"no",0,0
375,354850005000027,2,"Female",8,"no",0,0
376,354850005000027,1,"Female",6,"no",0,0
377,354850005000430,3,"Male",3,"no",0,0
378,354850005000430,2,"Male",11,"no",0,0
379,354850005000430,2,"Female",3,"no",0,0
380,354850005000430,0,"Male",8,"no",0,0
381,354850005000500,0,"Male",2,"no",0,0
382,354850005000500,0,"Female",8,"no",0,0
383,354850005000500,1,"Female",6,"no",0,0
384,354850005000500,0,"Female",5,"no",0,0
385,354850005000570,0,"Female",15,"no",0,0
386,354850005000570,0,"Male",4,"no",0,0
387,354850005000570,1,"Male",1,"yes",0,0
388,354850005000570,0,"Female",11,"no",0,0
389,354850005000159,0,"Female",9,"yes",0,0
390,354850005000159,0,"Male",0,"no",1,0
391,354850005000159,0,"Male",0,"no",0,0
392,354850005000159,0,"Male",1,"no",1,0
393,354850005000063,3,"Female",1,"no",0,0
394,354850005000063,0,"Female",13,"no",0,0
395,354850005000063,0,"Female",10,"no",0,0
396,354850005000063,0,"Female",12,"no",0,0
397,354850005000651,0,"Female",3,"no",0,0
398,354850005000651,0,"Female",5,"no",0,0
399,354850005000651,0,"Female",7,"yes",0,0
400,354850005000651,1,"Female",12,"no",0,0
401,354850005000206,0,"Male",8,"yes",0,0
402,354850005000206,0,"Male",10,"no",1,0
403,354850005000206,0,"Male",2,"no",0,0
404,354850005000206,0,"Male",0,"yes",0,1
405,354850005000219,3,"Female",5,"no",0,0
406,354850005000219,2,"Female",2,"no",0,0
407,354850005000219,1,"Female",2,"no",0,0
408,354850005000219,1,"Male",15,"no",0,0
409,354850005000254,0,"Male",4,"no",0,0
410,354850005000254,2,"Male",1,"no",1,0
411,354850005000254,1,"Male",1,"no",1,0
412,354850005000254,2,"Male",4,"no",1,0
413,354850005000172,0,"Female",0,"no",0,0
414,354850005000172,0,"Female",6,"no",1,0
415,354850005000172,4,"Male",4,"no",0,0
416,354850005000172,1,"Female",8,"no",0,0
417,354850005000046,0,"Female",3,"no",0,0
418,354850005000046,2,"Female",8,"no",0,0
419,354850005000046,0,"Male",6,"no",0,0
420,354850005000046,2,"Female",9,"no",0,0
421,354850005000312,0,"Male",0,"no",0,0
422,354850005000312,1,"Male",6,"no",0,0
423,354850005000312,1,"Female",4,"no",0,0
424,354850005000312,0,"Male",4,"no",0,0
425,354850005000226,2,"Female",0,"yes",0,0
426,354850005000226,1,"Male",7,"no",1,0
427,354850005000226,0,"Female",13,"yes",0,0
428,354850005000226,0,"Female",5,"no",0,0
429,354850005000005,2,"Female",5,"no",0,0
430,354850005000005,3,"Male",15,"yes",0,0
431,354850005000005,1,"Male",13,"no",0,0
432,354850005000005,1,"Female",15,"yes",0,0
433,354850005000523,0,"Female",10,"no",0,0
434,354850005000523,0,"Female",14,"no",0,0
435,354850005000523,2,"Male",5,"no",0,0
436,354850005000523,1,"Male",14,"no",1,0
437,354850005000149,2,"Female",4,"no",0,0
438,354850005000149,2,"Female",4,"no",0,0
439,354850005000149,1,"Female",5,"yes",0,0
440,354850005000149,3,"Male",5,"no",0,0
441,354850005000311,1,"Male",13,"no",0,0
442,354850005000311,0,"Male",5,"no",0,0
443,354850005000311,1,"Female",4,"yes",0,0
444,354850005000311,1,"Female",15,"no",0,0
445,354850005000374,1,"Male",16,"no",0,0
446,354850005000374,1,"Female",9,"no",0,0
447,354850005000374,1,"Male",8,"no",0,0
448,354850005000374,1,"Female",2,"yes",1,0
449,354850005000393,1,"Female",4,"no",0,0
450,354850005000393,0,"Male",0,"no",0,0
451,354850005000393,0,"Female",2,"no",0,0
452,354850005000393,1,"Male",6,"yes",0,0
453,354850005000004,0,"Male",8,"no",0,0
454,354850005000004,0,"Male",0,"no",0,0
455,354850005000004,0,"Female",3,"yes",0,0
456,354850005000004,1,"Female",3,"no",0,0
457,354850005000290,0,"Male",6,"no",0,0
458,354850005000290,2,"Female",5,"no",0,0
459,354850005000290,1,"Female",15,"no",1,0
460,354850005000290,0,"Male",12,"no",0,0
461,354850005000269,2,"Male",1,"no",0,0
462,354850005000269,0,"Female",4,"yes",0,0
463,354850005000269,0,"Male",8,"yes",0,0
464,354850005000269,0,"Female",2,"no",0,0
465,354850005000389,2,"Female",1,"no",0,0
466,354850005000389,1,"Female",4,"no",1,0
467,354850005000389,1,"Male",4,"no",0,0
468,354850005000389,0,"Male",1,"no",0,0
469,354850005000296,0,"Male",4,"no",1,0
470,354850005000296,1,"Male",5,"no",0,0
471,354850005000296,0,"Male",4,"no",0,0
472,354850005000296,2,"Female",1,"yes",0,0
473,354850005000120,1,"Female",1,"no",0,0
474,354850005000120,0,"Male",2,"no",0,1
475,354850005000120,1,"Male",0,"no",0,0
476,354850005000120,0,"Female",4,"no",0,0
477,354850005000356,1,"Female",5,"no",0,0
478,354850005000356,2,"Female",10,"no",0,0
479,354850005000356,1,"Female",4,"no",0,0
480,354850005000356,0,"Male",2,"no",1,0
481,354850005000319,1,"Female",2,"no",0,1
482,354850005000319,3,"Female",1,"no",0,0
483,354850005000319,2,"Male",8,"no",1,0
484,354850005000319,2,"Male",10,"no",0,0
485,354850005000104,3,"Female",1,"no",0,0
486,354850005000104,1,"Male",0,"no",0,0
487,354850005000104,0,"Male",1,"no",0,0
488,354850005000104,1,"Male",2,"no",0,0
489,354850005000518,1,"Male",2,"yes",0,0
490,354850005000518,0,"Female",9,"no",0,1
491,354850005000518,1,"Male",9,"no",0,0
492,354850005000518,0,"Male",4,"no",0,0
493,354850005000583,1,"Male",2,"yes",0,0
494,354850005000583,1,"Male",15,"no",0,0
495,354850005000583,0,"Male",10,"no",0,0
496,354850005000583,0,"Male",9,"no",0,0
497,354850005000414,2,"Female",13,"yes",0,0
498,354850005000414,0,"Female",6,"no",0,0
499,354850005000414,0,"Female",4,"no",0,0
500,354850005000414,0,"Female",6,"no",0,0
501,354850005000410,0,"Female",11,"no",0,0
502,354850005000410,0,"Male",5,"no",0,1
503,354850005000410,2,"Female",2,"no",0,0
504,354850005000410,1,"Male",4,"no",0,0
505,354850005000655,0,"Male",0,"no",0,0
506,354850005000655,1,"Female",2,"no",1,0
507,354850005000655,0,"Female",4,"no",0,0
508,354850005000655,0,"Male",11,"yes",0,0
509,354850005000573,1,"Female",4,"no",0,0
510,354850005000573,1,"Female",14,"no",0,1
511,354850005000573,0,"Female",15,"no",1,0
512,354850005000573,0,"Female",6,"no",0,0
513,354850005000435,0,"Female",8,"yes",0,0
514,354850005000435,0,"Male",4,"no",0,0
515,354850005000435,1,"Female",1,"no",0,0
516,354850005000435,1,"Female",7,"no",0,0
517,354850005000508,0,"Female",4,"no",0,0
518,354850005000508,1,"Female",7,"no",0,0
519,354850005000508,0,"Female",2,"no",0,0
520,354850005000508,2,"Female",5,"no",0,0
521,354850005000450,0,"Male",0,"no",0,0
522,354850005000450,0,"Female",0,"no",0,0
523,354850005000450,1,"Male",1,"yes",0,0
524,354850005000450,2,"Male",6,"no",0,0
525,354850005000094,2,"Female",2,"no",0,0
526,354850005000094,2,"Female",4,"no",1,0
527,354850005000094,1,"Male",7,"no",0,0
528,354850005000094,0,"Male",5,"no",0,0
529,354850005000106,0,"Male",7,"no",0,0
530,354850005000106,2,"Male",6,"no",0,0
531,354850005000106,0,"Male",3,"no",0,0
532,354850005000106,3,"Female",0,"no",0,0
533,354850005000223,0,"Female",8,"no",0,0
534,354850005000223,2,"Female",2,"no",0,0
535,354850005000223,1,"Male",2,"no",0,0
536,354850005000223,0,"Male",5,"no",0,0
537,354850005000129,2,"Male",1,"no",0,0
538,354850005000129,1,"Female",1,"no",0,0
539,354850005000129,2,"Female",11,"no",0,0
540,354850005000129,0,"Female",7,"yes",0,0
541,354850005000086,1,"Male",13,"no",0,0
542,354850005000086,1,"Male",11,"no",0,0
543,354850005000086,1,"Female",9,"no",0,0
544,354850005000086,0,"Male",3,"no",0,0
545,354850005000320,1,"Female",11,"no",0,0
546,354850005000320,1,"Male",9,"no",0,0
547,354850005000320,2,"Female",1,"no",1,0
548,354850005000320,2,"Female",0,"no",0,0
549,354850005000341,0,"Female",15,"no",0,0
550,354850005000341,0,"Female",4,"no",0,0
551,354850005000341,1,"Female",16,"no",0,0
552,354850005000341,1,"Female",0,"no",0,0
553,354850005000156,1,"Female",5,"no",0,1
554,354850005000156,1,"Male",10,"no",0,0
555,354850005000156,1,"Female",9,"no",0,0
556,354850005000156,1,"Female",4,"yes",0,0
557,354850005000499,1,"Female",2,"no",0,0
558,354850005000499,0,"Female",8,"no",0,0
559,354850005000499,0,"Male",0,"no",0,0
560,354850005000499,0,"Male",8,"no",0,0
561,354850005000436,1,"Female",6,"no",0,0
562,354850005000436,1,"Female",0,"yes",0,0
563,354850005000436,0,"Female",2,"no",0,0
564,354850005000436,1,"Male",1,"no",0,0
565,354850005000131,1,"Female",1,"yes",0,0
566,354850005000131,0,"Female",0,"no",0,0
567,354850005000131,0,"Female",7,"no",0,0
568,354850005000131,1,"Female",9,"no",0,0
569,354850005000229,3,"Female",11,"no",0,0
570,354850005000229,2,"Female",9,"no",1,0
571,354850005000229,0,"Male",2,"no",0,0
572,354850005000229,0,"Male",0,"no",0,0
573,354850005000669,1,"Female",9,"no",1,0
574,354850005000669,0,"Female",1,"no",0,0
575,354850005000669,1,"Male",3,"yes",0,0
576,354850005000669,0,"Male",4,"no",0,0
577,354850005000318,1,"Male",9,"no",0,0
578,354850005000318,0,"Female",1,"no",0,0
579,354850005000318,0,"Female",1,"no",0,0
580,354850005000318,0,"Female",5,"no",0,0
581,354850005000591,1,"Male",4,"no",0,0
582,354850005000591,0,"Male",10,"no",0,0
583,354850005000591,0,"Female",0,"no",0,0
584,354850005000591,0,"Male",11,"no",0,0
585,354850005000343,1,"Male",2,"no",0,0
586,354850005000343,1,"Male",7,"no",0,1
587,354850005000343,1,"Male",10,"yes",0,0
588,354850005000343,0,"Female",7,"no",0,0
589,354850005000110,1,"Female",1,"no",0,0
590,354850005000110,3,"Female",3,"yes",0,0
591,354850005000110,1,"Male",4,"no",0,0
592,354850005000110,1,"Female",3,"no",0,0
593,354850005000172,1,"Female",5,"no",0,0
594,354850005000172,1,"Female",6,"yes",0,0
595,354850005000172,1,"Female",2,"no",0,0
596,354850005000172,3,"Female",7,"no",0,0
597,354850005000459,0,"Male",4,"no",0,0
598,354850005000459,1,"Female",3,"no",0,0
599,354850005000459,1,"Female",11,"no",0,0
600,354850005000459,0,"Male",15,"no",1,0
601,354850005000347,2,"Female",4,"no",0,0
602,354850005000347,0,"Male",5,"no",0,0
603,354850005000347,1,"Male",8,"yes",0,0
604,354850005000347,0,"Female",1,"no",0,0
605,354850005000620,0,"Male",4,"no",0,0
606,354850005000620,0,"Male",11,"no",0,0
607,354850005000620,1,"Female",15,"no",0,0
608,354850005000620,1,"Female",8,"no",0,0
609,354850005000670,0,"Female",1,"no",0,1
610,354850005000670,0,"Female",0,"yes",0,0
611,354850005000670,2,"Male",11,"no",0,0
612,354850005000670,3,"Female",2,"no",0,0
613,354850005000425,2,"Female",0,"no",0,0
614,354850005000425,0,"Female",3,"no",0,0
615,354850005000425,3,"Female",4,"no",0,0
616,354850005000425,0,"Female",14,"no",0,0
617,354850005000580,1,"Male",3,"no",0,0
618,354850005000580,1,"Male",7,"no",0,0
619,354850005000580,0,"Male",0,"no",0,1
620,354850005000580,0,"Female",2,"no",0,0
621,354850005000417,2,"Female",9,"yes",0,0
622,354850005000417,2,"Male",5,"no",0,0
623,354850005000417,1,"Male",6,"yes",0,0
624,354850005000417,3,"Male",5,"no",0,0
625,354850005000487,1,"Female",4,"yes",0,0
626,354850005000487,0,"Female",1,"no",0,0
627,354850005000487,1,"Male",7,"yes",0,0
628,354850005000487,1,"Male",13,"no",0,0
629,354850005000537,1,"Female",9,"no",0,0
630,354850005000537,1,"Female",8,"no",0,0
631,354850005000537,0,"Female",0,"no",1,0
632,354850005000537,1,"Female",13,"no",0,0
633,354850005000053,1,"Female",13,"no",0,0
634,354850005000053,0,"Male",4,"no",0,0
635,354850005000053,1,"Female",6,"no",1,0
636,354850005000053,2,"Female",6,"no",0,0
637,354850005000202,1,"Female",0,"no",1,0
638,354850005000202,2,"Female",0,"no",0,0
639,354850005000202,0,"Female",2,"no",0,0
640,354850005000202,1,"Male",2,"no",0,0
641,354850005000635,1,"Female",14,"yes",0,0
642,354850005000635,1,"Male",2,"no",0,0
643,354850005000635,1,"Female",1,"yes",0,0
644,354850005000635,2,"Female",1,"no",0,0
645,354850005000105,1,"Female",8,"no",1,0
646,354850005000105,0,"Male",9,"no",0,0
647,354850005000105,1,"Female",8,"yes",0,0
648,354850005000105,3,"Female",2,"no",0,0
649,354850005000064,0,"Male",7,"no",1,0
650,354850005000064,0,"Female",0,"no",1,0
651,354850005000064,1,"Male",14,"no",0,0
652,354850005000064,0,"Male",2,"yes",0,0
653,354850005000446,2,"Female",1,"yes",0,0
654,354850005000446,2,"Female",4,"no",0,0
655,354850005000446,1,"Male",9,"no",0,0
656,354850005000446,2,"Male",9,"yes",0,0
657,354850005000603,1,"Male",4,"no",0,0
658,354850005000603,0,"Female",6,"yes",0,0
659,354850005000603,1,"Male",1,"no",0,0
660,354850005000603,0,"Male",3,"no",1,0
661,354850005000193,0,"Female",10,"no",0,0
662,354850005000193,2,"Male",9,"no",0,0
663,354850005000193,1,"Female",8,"no",0,0
664,354850005000193,1,"Female",10,"no",0,0
665,354850005000656,0,"Female",1,"no",0,0
666,354850005000656,1,"Female",10,"no",0,0
667,354850005000656,0,"Male",12,"no",0,0
668,354850005000656,0,"Male",1,"yes",0,0
669,354850005000102,0,"Female",5,"no",0,0
670,354850005000102,1,"Male",13,"no",0,0
671,354850005000102,0,"Male",5,"no",1,0
672,354850005000102,0,"Female",3,"no",0,0
673,354850005000504,0,"Female",1,"no",0,0
674,354850005000504,0,"Female",0,"no",0,0
675,354850005000504,0,"Male",2,"no",0,0
676,354850005000504,0,"Male",6,"no",0,0
677,354850005000077,1,"Female",3,"no",0,0
678,354850005000077,3,"Female",3,"no",0,0
679,354850005000077,1,"Male",2,"no",0,1
680,354850005000077,2,"Male",1,"no",0,0
681,354850005000086,1,"Female",13,"no",0,0
682,354850005000086,0,"Female",10,"yes",0,0
683,354850005000086,3,"Female",4,"no",0,0
684,354850005000086,1,"Male",2,"no",1,0
685,354850005000107,2,"Male",1,"no",0,0
686,354850005000107,0,"Female",3,"no",0,0
687,354850005000107,2,"Female",5,"no",0,0
688,354850005000107,0,"Female",4,"yes",0,0
689,354850005000391,0,"Male",3,"yes",0,0
690,354850005000391,1,"Male",1,"no",0,0
691,354850005000391,1,"Female",10,"no",0,0
692,354850005000391,1,"Male",5,"no",0,0
693,354850005000191,1,"Male",5,"no",0,0
694,354850005000191,0,"Female",1,"no",0,1
695,354850005000191,1,"Female",2,"no",0,1
696,354850005000191,1,"Male",5,"no",0,0
697,354850005000130,0,"Male",0,"yes",0,0
698,354850005000130,0,"Male",0,"no",0,0
699,354850005000130,1,"Female",4,"no",0,0
700,354850005000130,1,"Male",1,"no",0,0
701,354850005000475,1,"Male",9,"no",0,0
702,354850005000475,2,"Male",6,"no",0,0
703,354850005000475,1,"Female",3,"yes",0,1
704,354850005000475,1,"Male",0,"no",1,0
705,354850005000326,1,"Male",4,"no",1,0
706,354850005000326,3,"Female",4,"no",0,0
707,354850005000326,0,"Female",4,"yes",0,0
708,354850005000326,0,"Female",1,"no",0,0
709,354850005000516,0,"Female",2,"no",0,0
710,354850005000516,0,"Female",5,"yes",0,0
711,354850005000516,2,"Female",0,"no",0,0
712,354850005000516,0,"Male",12,"no",1,0
713,354850005000237,2,"Female",4,"no",1,0
714,354850005000237,3,"Female",8,"no",0,0
715,354850005000237,1,"Male",14,"no",0,0
716,354850005000237,5,"Female",7,"no",0,0
717,354850005000007,2,"Female",6,"yes",0,0
718,354850005000007,0,"Female",5,"no",0,0
719,354850005000007,0,"Female",3,"no",1,1
720,354850005000007,0,"Male",0,"no",0,0
721,354850005000260,0,"Male",3,"yes",0,0
722,354850005000260,0,"Male",0,"no",0,0
723,354850005000260,2,"Male",0,"no",0,0
724,354850005000260,1,"Male",1,"no",1,0
725,354850005000048,2,"Male",9,"no",0,0
726,354850005000048,1,"Female",9,"no",1,0
727,354850005000048,0,"Female",1,"no",0,0
728,354850005000048,1,"Male",7,"no",0,0
729,354850005000438,1,"Male",4,"yes",0,0
730,354850005000438,3,"Male",5,"no",0,0
731,354850005000438,1,"Female",7,"no",0,0
732,354850005000438,1,"Male",13,"yes",0,0
733,354850005000326,1,"Female",6,"no",0,0
734,354850005000326,3,"Female",6,"no",0,0
735,354850005000326,0,"Female",2,"no",0,0
736,354850005000326,0,"Female",11,"no",0,0
737,354850005000268,0,"Female",9,"no",0,0
738,354850005000268,0,"Male",9,"yes",0,0
739,354850005000268,2,"Male",14,"no",0,0
740,354850005000268,0,"Female",11,"yes",0,0
741,354850005000304,2,"Female",4,"yes",0,0
742,354850005000304,0,"Female",11,"no",0,0
743,354850005000304,1,"Female",1,"no",0,0
744,354850005000304,0,"Female",1,"no",0,0
745,354850005000149,2,"Female",13,"no",0,0
746,354850005000149,1,"Female",13,"no",0,0
747,354850005000149,1,"Male",9,"no",0,0
748,354850005000149,1,"Female",14,"no",0,0
749,354850005000532,0,"Female",4,"no",0,0
750,354850005000532,0,"Male",8,"no",0,0
751,354850005000532,1,"Female",1,"yes",0,0
752,354850005000532,2,"Female",9,"yes",0,0
753,354850005000642,0,"Female",8,"no",0,0
754,354850005000642,1,"Female",2,"no",0,0
755,354850005000642,1,"Female",10,"no",0,0
756,354850005000642,0,"Female",11,"no",0,0
757,354850005000267,0,"Male",7,"no",1,0
758,354850005000267,0,"Female",0,"no",0,0
759,354850005000267,1,"Male",12,"no",0,0
760,354850005000267,1,"Male",0,"no",0,0
761,354850005000496,0,"Female",0,"no",0,0
762,354850005000496,0,"Female",5,"no",0,0
763,354850005000496,1,"Male",10,"no",0,0
764,354850005000496,0,"Male",5,"yes",0,0
765,354850005000645,0,"Female",5,"no",0,0
766,354850005000645,0,"Male",12,"no",1,0
767,354850005000645,2,"Male",5,"no",0,0
768,354850005000645,2,"Female",3,"no",0,0
769,354850005000583,0,"Male",0,"no",0,0
770,354850005000583,0,"Male",8,"yes",0,0
771,354850005000583,1,"Female",2,"no",0,0
772,354850005000583,1,"Female",9,"yes",1,0
773,354850005000402,0,"Male",12,"yes",0,0
774,354850005000402,0,"Female",10,"yes",0,0
775,354850005000402,0,"Male",2,"no",0,0
776,354850005000402,0,"Male",8,"no",0,0
777,354850005000661,3,"Female",12,"yes",0,0
778,354850005000661,0,"Female",6,"yes",0,0
779,354850005000661,1,"Male",2,"no",0,0
780,354850005000661,2,"Female",12,"yes",0,0
781,354850005000050,0,"Male",0,"no",0,0
782,354850005000050,0,"Female",12,"no",0,0
783,354850005000050,0,"Female",6,"yes",0,0
784,354850005000050,3,"Male",14,"yes",0,0
785,354850005000045,1,"Male",2,"yes",0,0
786,354850005000045,2,"Male",12,"no",0,0
787,354850005000045,1,"Female",2,"no",0,0
788,354850005000045,1,"Male",5,"no",0,0
789,354850005000098,3,"Male",9,"no",0,0
790,354850005000098,2,"Female",4,"yes",0,0
791,354850005000098,1,"Female",5,"no",0,0
792,354850005000098,0,"Male",10,"no",0,0
793,354850005000337,0,"Female",2,"no",0,0
794,354850005000337,1,"Male",1,"no",0,0
795,354850005000337,0,"Male",12,"no",0,0
796,354850005000337,0,"Female",5,"no",0,0
797,354850005000455,1,"Male",3,"no",0,0
798,354850005000455,0,"Male",5,"no",0,0
799,354850005000455,2,"Male",7,"no",0,0
800,354850005000455,1,"Female",1,"no",0,0
801,354850005000321,2,"Male",5,"no",0,0
802,354850005000321,1,"Female",14,"no",0,0
803,354850005000321,0,"Female",3,"no",0,0
804,354850005000321,1,"Female",12,"yes",0,0
805,354850005000480,0,"Male",0,"no",0,0
806,354850005000480,1,"Male",5,"no",0,0
807,354850005000480,0,"Male",3,"no",0,0
808,354850005000480,1,"Female",14,"yes",0,0
809,354850005000244,0,"Female",9,"no",0,0
810,354850005000244,1,"Male",0,"no",0,0
811,354850005000244,2,"Female",9,"no",0,0
812,354850005000244,2,"Male",11,"no",0,0
813,354850005000571,0,"Female",6,"no",0,0
814,354850005000571,0,"Male",1,"no",0,0
815,354850005000571,0,"Female",2,"no",0,0
816,354850005000571,1,"Female",9,"no",0,0
817,354850005000141,2,"Male",6,"no",0,0
818,354850005000141,0,"Female",6,"no",0,0
819,354850005000141,2,"Male",5,"yes",0,0
820,354850005000141,1,"Male",0,"no",0,0
821,354850005000013,1,"Female",6,"no",0,0
822,354850005000013,0,"Male",12,"yes",0,0
823,354850005000013,2,"Male",2,"no",0,0
824,354850005000013,0,"Female",4,"no",1,0
825,354850005000123,0,"Male",2,"no",0,0
826,354850005000123,1,"Female",8,"no",1,0
827,354850005000123,0,"Male",1,"no",0,0
828,354850005000123,0,"Female",5,"no",0,0
829,354850005000547,2,"Male",6,"no",0,0
830,354850005000547,0,"Male",7,"no",0,0
831,354850005000547,0,"Male",4,"yes",1,0
832,354850005000547,2,"Female",4,"no",0,0
833,354850005000159,3,"Male",3,"no",0,0
834,354850005000159,0,"Male",1,"no",0,0
835,354850005000159,1,"Male",13,"no",1,0
836,354850005000159,1,"Male",1,"no",0,0
837,354850005000409,1,"Female",7,"no",0,0
838,354850005000409,1,"Male",9,"yes",0,0
839,354850005000409,1,"Male",1,"no",0,0
840,354850005000409,1,"Female",15,"no",0,0
841,354850005000636,0,"Female",2,"no",0,0
842,354850005000636,2,"Female",14,"no",1,0
843,354850005000636,2,"Male",1,"no",0,0
844,354850005000636,2,"Female",7,"no",0,0
845,354850005000616,2,"Male",4,"no",0,0
846,354850005000616,0,"Male",2,"yes",0,0
847,354850005000616,1,"Female",14,"no",0,0
848,354850005000616,1,"Female",7,"no",0,0
849,354850005000164,0,"Female",2,"no",0,0
850,354850005000164,0,"Female",2,"yes",0,0
851,354850005000164,0,"Male",0,"no",0,0
852,354850005000164,1,"Female",12,"no",0,0
853,354850005000353,0,"Male",3,"no",1,0
854,354850005000353,0,"Female",12,"no",0,0
855,354850005000353,0,"Male",14,"no",0,0
856,354850005000353,0,"Male",8,"no",0,0
857,354850005000669,0,"Male",13,"no",0,0
858,354850005000669,1,"Female",7,"yes",0,0
859,354850005000669,1,"Female",1,"no",0,0
860,354850005000669,0,"Male",8,"no",0,0
861,354850005000191,2,"Female",5,"no",0,0
862,354850005000191,0,"Male",9,"no",0,0
863,354850005000191,1,"Male",2,"no",0,0
864,354850005000191,1,"Female",4,"no",0,0
865,354850005000068,1,"Female",1,"no",0,0
866,354850005000068,1,"Female",1,"no",0,0
867,354850005000068,1,"Female",14,"no",0,0
868,354850005000068,0,"Female",8,"no",0,0
869,354850005000208,1,"Female",6,"no",0,0
870,354850005000208,2,"Male",8,"no",0,0
871,354850005000208,2,"Female",8,"no",0,0
872,354850005000208,0,"Female",14,"no",1,0
873,354850005000394,1,"Male",1,"no",0,0
874,354850005000394,0,"Female",0,"yes",0,0
875,354850005000394,1,"Female",2,"no",0,0
876,354850005000394,0,"Male",6,"no",0,0
877,354850005000396,1,"Female",16,"no",0,0
878,354850005000396,2,"Female",10,"no",0,0
879,354850005000396,0,"Female",3,"no",0,0
880,354850005000396,2,"Male",1,"no",0,0
881,354850005000055,0,"Male",12,"no",0,1
882,354850005000055,2,"Male",0,"no",0,0
883,354850005000055,1,"Male",11,"no",0,0
884,354850005000055,0,"Female",1,"no",0,0
885,354850005000221,2,"Male",11,"yes",0,0
886,354850005000221,1,"Male",4,"yes",1,0
887,354850005000221,1,"Female",2,"no",1,0
888,354850005000221,0,"Female",0,"no",0,0
889,354850005000589,0,"Female",5,"no",0,0
890,354850005000589,0,"Female",2,"no",1,0
891,354850005000589,4,"Male",1,"yes",0,0
892,354850005000589,0,"Male",7,"no",1,0
893,354850005000532,1,"Male",3,"no",0,0
894,354850005000532,1,"Male",2,"yes",0,0
895,354850005000532,0,"Female",9,"no",0,0
896,354850005000532,1,"Male",12,"no",0,0
897,354850005000297,1,"Male",3,"no",0,0
898,354850005000297,0,"Male",12,"yes",0,0
899,354850005000297,0,"Male",7,"no",0,0
900,354850005000297,2,"Female",5,"no",0,0
901,354850005000004,0,"Male",13,"no",0,0
902,354850005000004,2,"Male",8,"no",0,0
903,354850005000004,0,"Female",5,"no",0,0
904,354850005000004,0,"Female",10,"yes",0,0
905,354850005000203,0,"Male",8,"no",0,0
906,354850005000203,0,"Female",5,"no",0,0
907,354850005000203,0,"Female",3,"no",0,0
908,354850005000203,0,"Male",0,"no",0,0
909,354850005000516,0,"Male",16,"no",0,0
910,354850005000516,1,"Female",12,"no",0,0
911,354850005000516,0,"Male",8,"no",0,0
912,354850005000516,1,"Female",6,"no",0,0
913,354850005000416,1,"Female",12,"no",0,0
914,354850005000416,1,"Male",7,"yes",0,0
915,354850005000416,0,"Female",6,"no",0,0
916,354850005000416,1,"Male",2,"no",0,1
917,354850005000232,0,"Female",12,"no",0,0
918,354850005000232,1,"Male",9,"yes",0,0
919,354850005000232,0,"Female",5,"no",0,0
920,354850005000232,1,"Male",11,"no",0,0
921,354850005000355,1,"Male",8,"yes",0,0
922,354850005000355,2,"Male",2,"yes",0,0
923,354850005000355,0,"Male",8,"no",0,0
924,354850005000355,0,"Female",0,"yes",1,0
925,354850005000040,1,"Female",6,"no",0,0
926,354850005000040,2,"Male",9,"no",0,0
927,354850005000040,0,"Female",8,"yes",1,0
928,354850005000040,1,"Male",1,"yes",0,0
929,354850005000148,1,"Female",8,"no",0,0
930,354850005000148,1,"Female",8,"no",0,0
931,354850005000148,0,"Male",2,"no",0,0
932,354850005000148,0,"Female",11,"no",0,0
933,354850005000232,1,"Male",0,"no",1,1
934,354850005000232,0,"Female",2,"no",1,0
935,354850005000232,0,"Female",11,"no",0,0
936,354850005000232,2,"Female",5,"no",0,0
937,354850005000327,2,"Male",14,"yes",0,0
938,354850005000327,0,"Male",4,"no",1,0
939,354850005000327,1,"Male",0,"no",1,0
940,354850005000327,0,"Male",15,"no",0,0
941,354850005000072,1,"Male",0,"no",0,0
942,354850005000072,0,"Male",2,"no",0,0
943,354850005000072,1,"Male",4,"no",0,0
944,354850005000072,0,"Male",4,"yes",0,0
945,354850005000065,2,"Male",3,"no",0,0
946,354850005000065,2,"Female",7,"no",1,0
947,354850005000065,0,"Female",2,"yes",0,0
948,354850005000065,1,"Female",5,"no",0,0
949,354850005000650,2,"Female",1,"no",0,0
950,354850005000650,1,"Male",4,"no",0,0
951,354850005000650,0,"Male",17,"no",0,0
952,354850005000650,0,"Male",5,"no",0,0
953,354850005000422,1,"Male",5,"no",1,0
954,354850005000422,0,"Male",1,"no",0,0
955,354850005000422,4,"Male",8,"no",0,0
956,354850005000422,1,"Male",11,"no",0,0
957,354850005000572,1,"Male",14,"no",0,0
958,354850005000572,0,"Male",1,"yes",0,0
959,354850005000572,0,"Male",3,"no",0,0
960,354850005000572,0,"Female",5,"no",0,0
961,354850005000130,2,"Male",3,"no",0,0
962,354850005000130,1,"Female",7,"no",1,0
963,354850005000130,2,"Male",5,"yes",1,0
964,354850005000130,0,"Female",11,"no",0,0
965,354850005000046,1,"Female",11,"no",0,0
966,354850005000046,3,"Male",3,"no",0,0
967,354850005000046,1,"Male",0,"yes",0,0
968,354850005000046,0,"Female",5,"no",0,0
969,354850005000263,2,"Female",0,"yes",1,0
970,354850005000263,0,"Female",12,"no",0,0
971,354850005000263,1,"Male",1,"yes",0,0
972,354850005000263,1,"Female",0,"no",0,0
973,354850005000358,0,"Male",2,"no",0,0
974,354850005000358,1,"Female",2,"no",0,0
975,354850005000358,2,"Male",1,"no",0,0
976,354850005000358,0,"Female",0,"no",0,0
977,354850005000568,1,"Male",4,"no",1,0
978,354850005000568,1,"Female",4,"no",0,0
979,354850005000568,1,"Female",7,"yes",0,1
980,354850005000568,1,"Female",2,"yes",1,0
981,354850005000538,1,"Female",13,"no",0,0
982,354850005000538,0,"Male",11,"yes",0,1
983,354850005000538,2,"Male",3,"yes",0,0
984,354850005000538,1,"Male",1,"no",0,0
985,354850005000105,0,"Male",6,"no",0,0
986,354850005000105,2,"Male",11,"no",0,0
987,354850005000105,1,"Male",10,"no",0,0
988,354850005000105,1,"Male",2,"no",0,0
989,354850005000236,1,"Female",6,"no",0,0
990,354850005000236,0,"Female",5,"no",1,0
991,354850005000236,4,"Female",6,"no",0,0
992,354850005000236,0,"Male",10,"no",0,0
993,354850005000053,0,"Female",2,"no",0,0
994,354850005000053,1,"Female",4,"no",0,0
995,354850005000053,1,"Male",11,"no",0,0
996,354850005000053,0,"Male",7,"no",0,0
997,354850005000098,1,"Female",6,"no",0,0
998,354850005000098,0,"Male",5,"no",1,0
999,354850005000098,1,"Male",0,"no",0,0
1000,354850005000098,0,"Female",7,"no",0,0
1001,354850005000669,1,"Female",9,"no",0,0
1002,354850005000669,2,"Female",10,"no",0,0
1003,354850005000669,0,"Male",0,"yes",0,0
1004,354850005000669,1,"Male",13,"no",0,0
1005,354850005000167,1,"Female",5,"no",1,0
1006,354850005000167,1,"Male",2,"no",0,0
1007,354850005000167,1,"Female",2,"yes",0,0
1008,354850005000167,0,"Female",12,"no",0,0
1009,354850005000637,0,"Female",4,"no",0,0
1010,354850005000637,1,"Female",11,"no",0,0
1011,354850005000637,1,"Female",11,"no",0,0
1012,354850005000637,2,"Male",15,"no",0,0
1013,354850005000229,1,"Female",3,"no",0,0
1014,354850005000229,0,"Male",10,"no",0,0
1015,354850005000229,0,"Male",2,"no",0,0
1016,354850005000229,0,"Female",10,"no",0,0
1017,354850005000377,1,"Male",6,"no",0,0
1018,354850005000377,0,"Male",7,"no",0,0
1019,354850005000377,1,"Male",5,"yes",0,0
1020,354850005000377,1,"Male",6,"no",0,0
1021,354850005000438,0,"Female",3,"no",0,0
1022,354850005000438,1,"Male",1,"no",0,0
1023,354850005000438,1,"Female",4,"no",0,0
1024,354850005000438,1,"Male",9,"no",0,0
1025,354850005000323,1,"Female",3,"no",0,0
1026,354850005000323,2,"Male",6,"yes",0,0
1027,354850005000323,0,"Male",0,"no",0,0
1028,354850005000323,1,"Female",5,"no",0,0
1029,354850005000400,2,"Male",9,"no",0,0
1030,354850005000400,2,"Female",0,"no",0,0
1031,354850005000400,0,"Female",1,"no",0,0
1032,354850005000400,0,"Female",8,"no",0,0
1033,354850005000142,2,"Female",6,"no",0,0
1034,354850005000142,0,"Male",10,"yes",0,1
1035,354850005000142,1,"Female",4,"no",0,0
1036,354850005000142,1,"Male",3,"no",0,0
1037,354850005000371,0,"Female",3,"yes",0,1
1038,354850005000371,0,"Female",0,"no",0,0
1039,354850005000371,0,"Female",3,"no",0,0
1040,354850005000371,1,"Female",3,"yes",0,0
1041,354850005000168,1,"Female",5,"no",0,0
1042,354850005000168,1,"Female",1,"no",0,0
1043,354850005000168,1,"Female",0,"no",0,0
1044,354850005000168,2,"Female",10,"no",0,0
1045,354850005000611,0,"Female",1,"no",0,0
1046,354850005000611,0,"Female",1,"no",0,0
1047,354850005000611,1,"Male",9,"no",0,0
1048,354850005000611,1,"Male",15,"yes",0,0
1049,354850005000507,1,"Female",0,"no",0,0
1050,354850005000507,0,"Female",9,"no",0,0
1051,354850005000507,1,"Male",2,"no",0,0
1052,354850005000507,1,"Male",14,"yes",0,0
1053,354850005000562,0,"Female",6,"no",0,0
1054,354850005000562,1,"Female",5,"no",0,0
1055,354850005000562,0,"Female",10,"no",0,0
1056,354850005000562,2,"Female",5,"no",0,0
1057,354850005000050,0,"Male",3,"no",0,1
1058,354850005000050,0,"Female",5,"yes",0,0
1059,354850005000050,1,"Female",5,"no",0,0
1060,354850005000050,0,"Male",6,"no",0,0
1061,354850005000084,3,"Female",5,"yes",0,0
1062,354850005000084,0,"Male",9,"no",0,0
1063,354850005000084,1,"Male",17,"no",0,0
1064,354850005000084,1,"Female",7,"no",0,0
1065,354850005000138,1,"Male",3,"no",0,0
1066,354850005000138,0,"Male",11,"no",0,0
1067,354850005000138,2,"Female",8,"no",0,0
1068,354850005000138,2,"Male",3,"no",0,0
1069,354850005000093,0,"Male",7,"no",0,0
1070,354850005000093,1,"Male",11,"no",1,0
1071,354850005000093,0,"Female",2,"no",0,0
1072,354850005000093,1,"Male",5,"no",0,0
1073,354850005000629,0,"Male",6,"no",0,0
1074,354850005000629,0,"Female",1,"no",0,0
1075,354850005000629,1,"Female",2,"no",1,0
1076,354850005000629,0,"Female",13,"no",0,0
1077,354850005000637,0,"Male",4,"no",0,0
1078,354850005000637,0,"Male",0,"no",0,0
1079,354850005000637,0,"Female",0,"no",0,0
1080,354850005000637,2,"Female",0,"no",0,0
1081,354850005000622,0,"Female",2,"no",0,0
1082,354850005000622,0,"Male",13,"yes",0,0
1083,354850005000622,1,"Male",5,"no",1,0
1084,354850005000622,1,"Male",5,"no",0,0
1085,354850005000539,0,"Female",7,"no",0,0
1086,354850005000539,0,"Male",11,"no",0,0
1087,354850005000539,3,"Female",8,"yes",0,0
1088,354850005000539,0,"Female",2,"yes",0,0
1089,354850005000061,0,"Male",12,"no",0,0
1090,354850005000061,1,"Male",9,"no",1,0
1091,354850005000061,2,"Female",3,"no",1,0
1092,354850005000061,1,"Female",6,"no",1,0
1093,354850005000335,0,"Male",4,"no",0,0
1094,354850005000335,1,"Female",1,"no",0,0
1095,354850005000335,2,"Male",13,"no",0,0
1096,354850005000335,0,"Female",7,"no",0,0
1097,354850005000307,3,"Female",3,"no",0,0
1098,354850005000307,0,"Male",6,"yes",0,0
1099,354850005000307,0,"Female",1,"yes",0,0
1100,354850005000307,1,"Male",0,"no",0,0
1101,354850005000340,0,"Male",3,"no",0,1
1102,354850005000340,1,"Male",7,"no",0,0
1103,354850005000340,2,"Male",4,"no",1,0
1104,354850005000340,0,"Male",12,"no",0,0
1105,354850005000340,2,"Male",12,"no",1,0
1106,354850005000340,0,"Male",16,"no",0,0
1107,354850005000340,0,"Female",4,"yes",0,0
1108,354850005000340,0,"Female",10,"no",0,0
1109,354850005000299,1,"Male",6,"yes",0,0
1110,354850005000299,1,"Male",3,"no",0,0
1111,354850005000299,0,"Female",1,"no",0,0
1112,354850005000299,1,"Female",2,"no",0,0
1113,354850005000610,0,"Male",3,"no",0,0
1114,354850005000610,0,"Female",2,"no",0,0
1115,354850005000610,0,"Male",6,"no",0,0
1116,354850005000610,1,"Male",2,"no",0,0
1117,354850005000082,0,"Male",5,"no",0,0
1118,354850005000082,1,"Female",9,"no",0,0
1119,354850005000082,1,"Male",6,"no",0,0
1120,354850005000082,1,"Female",11,"no",0,0
1121,354850005000442,2,"Male",3,"no",1,0
1122,354850005000442,1,"Female",0,"no",0,0
1123,354850005000442,2,"Female",14,"yes",0,0
1124,354850005000442,0,"Female",3,"no",0,0
1125,354850005000424,0,"Female",11,"no",0,0
1126,354850005000424,1,"Female",2,"no",0,0
1127,354850005000424,1,"Male",14,"no",0,0
1128,354850005000424,0,"Male",1,"yes",0,0
1129,354850005000458,0,"Male",13,"yes",0,0
1130,354850005000458,0,"Female",9,"no",1,0
1131,354850005000458,0,"Female",7,"no",0,0
1132,354850005000458,1,"Female",12,"no",0,0
1133,354850005000595,1,"Female",7,"no",0,0
1134,354850005000595,1,"Male",0,"no",0,0
1135,354850005000595,1,"Female",2,"yes",0,0
1136,354850005000595,3,"Female",4,"no",0,0
1137,354850005000114,0,"Female",9,"no",0,0
1138,354850005000114,1,"Male",0,"no",0,0
1139,354850005000114,0,"Female",0,"no",0,0
1140,354850005000114,2,"Male",1,"no",0,0
1141,354850005000435,0,"Male",13,"no",0,0
1142,354850005000435,0,"Male",7,"no",0,0
1143,354850005000435,1,"Male",8,"no",0,0
1144,354850005000435,1,"Female",14,"no",0,0
1145,354850005000496,0,"Male",0,"no",0,1
1146,354850005000496,0,"Female",0,"no",1,0
1147,354850005000496,0,"Female",5,"no",0,0
1148,354850005000496,1,"Male",13,"no",0,0
1149,354850005000208,0,"Male",1,"no",0,0
1150,354850005000208,2,"Female",2,"no",0,0
1151,354850005000208,2,"Male",12,"no",0,0
1152,354850005000208,2,"Female",13,"yes",1,0
1153,354850005000663,0,"Male",3,"no",0,0
1154,354850005000663,0,"Female",2,"no",0,0
1155,354850005000663,1,"Female",2,"no",0,0
1156,354850005000663,0,"Female",2,"yes",0,0
1157,354850005000071,0,"Female",15,"no",0,0
1158,354850005000071,1,"Male",6,"no",0,0
1159,354850005000071,3,"Female",10,"yes",1,1
1160,354850005000071,1,"Male",0,"no",0,0
1161,354850005000252,1,"Female",10,"yes",0,0
1162,354850005000252,1,"Male",15,"no",0,0
1163,354850005000252,0,"Female",10,"no",0,0
1164,354850005000252,1,"Female",7,"no",0,0
1165,354850005000060,0,"Male",5,"no",1,0
1166,354850005000060,0,"Female",1,"no",0,0
1167,354850005000060,0,"Female",12,"no",0,0
1168,354850005000060,1,"Female",3,"no",0,0
1169,354850005000583,0,"Male",14,"no",0,0
1170,354850005000583,3,"Female",12,"no",0,0
1171,354850005000583,0,"Female",7,"no",0,0
1172,354850005000583,1,"Female",3,"no",1,0
1173,354850005000273,3,"Male",14,"yes",0,0
1174,354850005000273,0,"Female",14,"no",0,0
1175,354850005000273,0,"Male",12,"yes",0,0
1176,354850005000273,0,"Male",9,"no",0,0
1177,354850005000368,2,"Female",10,"no",0,0
1178,354850005000368,3,"Female",11,"no",0,0
1179,354850005000368,1,"Female",5,"yes",0,0
1180,354850005000368,0,"Male",0,"no",0,0
1181,354850005000370,1,"Male",9,"no",0,0
1182,354850005000370,1,"Male",1,"no",0,0
1183,354850005000370,0,"Male",6,"yes",0,0
1184,354850005000370,0,"Male",12,"no",0,0
1185,354850005000304,2,"Male",5,"no",0,0
1186,354850005000304,2,"Male",2,"yes",0,0
1187,354850005000304,1,"Female",9,"yes",0,0
1188,354850005000304,1,"Male",4,"yes",0,0
1189,354850005000483,0,"Female",1,"no",0,0
1190,354850005000483,1,"Male",13,"no",0,0
1191,354850005000483,1,"Male",1,"no",0,0
1192,354850005000483,4,"Female",9,"yes",0,0
1193,354850005000515,1,"Male",10,"yes",0,0
1194,354850005000515,0,"Male",15,"no",1,0
1195,354850005000515,0,"Male",1,"yes",0,0
1196,354850005000515,0,"Male",5,"yes",0,0
1197,354850005000623,1,"Female",6,"no",0,0
1198,354850005000623,1,"Male",1,"no",0,0
1199,354850005000623,0,"Female",8,"no",0,0
1200,354850005000623,2,"Male",6,"no",0,0
1201,354850005000101,1,"Male",9,"no",1,0
1202,354850005000101,0,"Female",5,"no",0,0
1203,354850005000101,1,"Male",4,"yes",0,1
1204,354850005000101,2,"Female",0,"no",0,0
1205,354850005000433,1,"Male",0,"no",0,0
1206,354850005000433,0,"Female",1,"yes",0,0
1207,354850005000433,0,"Male",9,"no",0,0
1208,354850005000433,0,"Male",7,"no",0,0
1209,354850005000626,0,"Male",14,"no",0,1
1210,354850005000626,0,"Female",3,"no",1,0
1211,354850005000626,0,"Female",6,"no",0,0
1212,354850005000626,2,"Male",12,"yes",0,0
1213,354850005000238,1,"Male",8,"no",0,0
1214,354850005000238,0,"Female",9,"no",0,1
1215,354850005000238,2,"Male",10,"no",0,0
1216,354850005000238,0,"Male",9,"no",0,0
1217,354850005000100,0,"Male",7,"no",0,0
1218,354850005000100,0,"Female",16,"no",1,0
1219,354850005000100,1,"Female",4,"no",0,0
1220,354850005000100,1,"Male",9,"no",0,0
1221,354850005000183,0,"Male",5,"no",0,0
1222,354850005000183,2,"Female",2,"no",0,0
1223,354850005000183,1,"Female",13,"no",0,0
1224,354850005000183,1,"Male",3,"no",0,0
1225,354850005000409,0,"Female",0,"no",0,0
1226,354850005000409,0,"Male",0,"yes",0,0
1227,354850005000409,2,"Male",11,"no",0,0
1228,354850005000409,0,"Male",11,"no",0,0
1229,354850005000534,0,"Male",14,"yes",0,0
1230,354850005000534,1,"Female",6,"no",0,0
1231,354850005000534,0,"Male",1,"no",0,0
1232,354850005000534,0,"Female",3,"no",0,0
1233,354850005000529,4,"Male",8,"no",0,0
1234,354850005000529,2,"Female",8,"no",1,0
1235,354850005000529,2,"Female",5,"no",0,0
1236,354850005000529,0,"Male",6,"yes",0,0
1237,354850005000437,1,"Male",15,"no",0,0
1238,354850005000437,1,"Male",4,"no",1,0
1239,354850005000437,0,"Male",4,"no",0,0
1240,354850005000437,2,"Male",3,"no",0,0
1241,354850005000178,0,"Female",7,"no",1,0
1242,354850005000178,1,"Male",10,"no",0,0
1243,354850005000178,2,"Female",2,"no",0,0
1244,354850005000178,0,"Female",8,"yes",0,0
1245,354850005000333,0,"Female",8,"no",0,0
1246,354850005000333,2,"Male",11,"no",0,0
1247,354850005000333,1,"Male",14,"no",0,0
1248,354850005000333,0,"Male",1,"no",0,0
1249,354850005000473,0,"Female",8,"yes",0,0
1250,354850005000473,0,"Female",3,"yes",0,0
1251,354850005000473,1,"Female",10,"no",0,0
1252,354850005000473,1,"Female",13,"yes",0,0
1253,354850005000539,1,"Male",1,"no",0,0
1254,354850005000539,0,"Male",1,"yes",0,0
1255,354850005000539,0,"Female",6,"no",0,1
1256,354850005000539,2,"Male",10,"no",0,0
1257,354850005000233,2,"Male",2,"yes",0,0
1258,354850005000233,1,"Female",6,"no",0,0
1259,354850005000233,1,"Male",13,"no",0,0
1260,354850005000233,2,"Male",4,"no",0,0
1261,354850005000012,0,"Male",6,"no",0,0
1262,354850005000012,1,"Male",4,"no",0,0
1263,354850005000012,0,"Male",6,"no",0,0
1264,354850005000012,0,"Female",1,"no",0,0
1265,354850005000667,2,"Male",3,"no",0,0
1266,354850005000667,0,"Female",12,"no",0,0
1267,354850005000667,2,"Female",5,"no",0,0
1268,354850005000667,1,"Female",4,"no",0,0
1269,354850005000379,2,"Male",1,"yes",1,0
1270,354850005000379,1,"Female",1,"no",0,0
1271,354850005000379,0,"Male",9,"no",0,0
1272,354850005000379,0,"Male",1,"no",0,0
1273,354850005000322,2,"Female",4,"no",0,0
1274,354850005000322,0,"Female",5,"no",0,0
1275,354850005000322,1,"Male",7,"yes",0,0
1276,354850005000322,2,"Male",0,"no",0,0
1277,354850005000253,1,"Female",1,"yes",0,0
1278,354850005000253,2,"Male",2,"no",1,0
1279,354850005000253,1,"Male",14,"no",0,0
1280,354850005000253,0,"Female",8,"no",0,0
1281,354850005000585,0,"Male",0,"no",1,0
1282,354850005000585,1,"Female",10,"no",0,0
1283,354850005000585,0,"Female",1,"no",0,0
1284,354850005000585,2,"Male",7,"yes",0,0
1285,354850005000306,0,"Female",8,"no",0,0
1286,354850005000306,2,"Male",7,"no",0,0
1287,354850005000306,1,"Female",8,"no",0,0
1288,354850005000306,2,"Male",14,"no",0,0
1289,354850005000054,1,"Male",0,"no",0,0
1290,354850005000054,1,"Male",0,"no",0,0
1291,354850005000054,1,"Male",3,"yes",0,0
1292,354850005000054,0,"Male",2,"no",0,0
1293,354850005000237,2,"Female",6,"no",1,0
1294,354850005000237,2,"Male",0,"no",0,0
1295,354850005000237,1,"Female",6,"yes",0,0
1296,354850005000237,3,"Male",3,"no",0,0
1297,354850005000430,1,"Female",4,"no",0,0
1298,354850005000430,0,"Male",13,"no",0,0
1299,354850005000430,0,"Female",9,"no",1,0
1300,354850005000430,1,"Female",3,"no",0,0
1301,354850005000232,1,"Female",13,"no",0,0
1302,354850005000232,0,"Male",7,"yes",0,0
1303,354850005000232,1,"Male",2,"no",0,0
1304,354850005000232,0,"Male",5,"no",0,0
1305,354850005000569,0,"Female",2,"no",0,0
1306,354850005000569,0,"Male",11,"no",0,0
1307,354850005000569,1,"Female",8,"no",0,0
1308,354850005000569,0,"Female",4,"no",0,0
1309,354850005000293,1,"Male",1,"no",0,0
1310,354850005000293,1,"Female",4,"yes",0,0
1311,354850005000293,2,"Male",1,"no",0,1
1312,354850005000293,3,"Male",13,"no",0,0
1313,354850005000425,2,"Male",12,"no",0,0
1314,354850005000425,0,"Male",14,"no",0,0
1315,354850005000425,4,"Male",3,"no",0,0
1316,354850005000425,1,"Female",5,"yes",0,0
1317,354850005000512,0,"Female",5,"yes",0,0
1318,354850005000512,1,"Male",3,"no",0,0
1319,354850005000512,1,"Female",0,"no",0,0
1320,354850005000512,0,"Female",3,"no",0,0
1321,354850005000288,1,"Female",6,"no",0,0
1322,354850005000288,0,"Male",0,"no",0,0
1323,354850005000288,1,"Male",14,"yes",0,0
1324,354850005000288,0,"Male",2,"no",0,0
1325,354850005000342,1,"Male",1,"no",1,0
1326,354850005000342,1,"Male",2,"no",0,0
1327,354850005000342,1,"Female",14,"no",0,0
1328,354850005000342,3,"Male",4,"no",0,0
1329,354850005000246,1,"Female",14,"yes",0,0
1330,354850005000246,0,"Male",6,"yes",1,0
1331,354850005000246,1,"Male",11,"no",0,0
1332,354850005000246,0,"Female",11,"no",0,0
1333,354850005000628,3,"Male",4,"no",0,0
1334,354850005000628,0,"Male",9,"no",1,0
1335,354850005000628,0,"Male",8,"no",0,0
1336,354850005000628,1,"Female",0,"no",0,0
1337,354850005000164,0,"Male",3,"no",0,0
1338,354850005000164,2,"Female",10,"no",0,0
1339,354850005000164,0,"Male",17,"no",0,0
1340,354850005000164,3,"Female",2,"no",0,0
1341,354850005000187,1,"Male",1,"no",0,0
1342,354850005000187,0,"Male",9,"no",0,0
1343,354850005000187,0,"Female",5,"no",0,0
1344,354850005000187,0,"Female",0,"yes",0,0
1345,354850005000249,1,"Male",2,"no",0,0
1346,354850005000249,0,"Male",5,"no",0,0
1347,354850005000249,0,"Female",0,"no",0,0
1348,354850005000249,3,"Male",8,"yes",0,0
1349,354850005000588,2,"Female",2,"no",0,0
1350,354850005000588,0,"Female",2,"yes",0,0
1351,354850005000588,0,"Female",6,"no",0,0
1352,354850005000588,0,"Male",1,"no",0,0
1353,354850005000585,1,"Female",2,"no",0,0
1354,354850005000585,0,"Female",0,"no",0,0
1355,354850005000585,0,"Male",2,"no",0,0
1356,354850005000585,1,"Male",13,"no",0,0
1357,354850005000340,0,"Male",11,"no",0,0
1358,354850005000340,0,"Male",11,"no",0,0
1359,354850005000340,1,"Female",5,"no",0,0
1360,354850005000340,2,"Female",2,"no",0,0
1361,354850005000443,0,"Female",4,"no",0,0
1362,354850005000443,0,"Male",13,"no",0,0
1363,354850005000443,0,"Female",6,"no",1,0
1364,354850005000443,0,"Male",8,"no",1,0
1365,354850005000274,0,"Female",17,"no",0,0
1366,354850005000274,1,"Male",0,"yes",0,0
1367,354850005000274,1,"Female",7,"no",0,0
1368,354850005000274,1,"Female",6,"no",0,0
1369,354850005000290,0,"Male",5,"yes",0,0
1370,354850005000290,1,"Male",11,"yes",0,0
1371,354850005000290,0,"Male",4,"no",0,1
1372,354850005000290,1,"Male",2,"yes",0,0
1373,354850005000576,0,"Female",5,"no",0,0
1374,354850005000576,0,"Male",2,"no",1,0
1375,354850005000576,1,"Female",0,"no",0,0
1376,354850005000576,0,"Female",0,"no",0,0
1377,354850005000461,1,"Male",1,"no",0,0
1378,354850005000461,1,"Male",1,"no",0,0
1379,354850005000461,1,"Female",3,"no",0,0
1380,354850005000461,0,"Male",14,"no",0,0
1381,354850005000665,0,"Female",10,"yes",0,0
1382,354850005000665,1,"Male",16,"no",0,1
1383,354850005000665,1,"Female",6,"no",0,0
1384,354850005000665,0,"Female",8,"yes",1,0
1385,354850005000144,1,"Male",0,"no",0,0
1386,354850005000144,1,"Female",9,"no",0,0
1387,354850005000144,0,"Female",1,"no",0,0
1388,354850005000144,3,"Female",0,"no",0,0
1389,354850005000392,1,"Female",9,"no",0,0
1390,354850005000392,1,"Female",4,"no",1,0
1391,354850005000392,1,"Female",3,"no",0,0
1392,354850005000392,2,"Male",4,"no",1,0
1393,354850005000371,2,"Female",2,"no",0,0
1394,354850005000371,0,"Female",6,"no",0,0
1395,354850005000371,0,"Female",0,"yes",0,0
1396,354850005000371,0,"Male",4,"no",0,0
1397,354850005000255,1,"Female",5,"no",0,0
1398,354850005000255,0,"Female",7,"yes",0,0
1399,354850005000255,1,"Male",13,"no",0,0
1400,354850005000255,0,"Female",5,"no",1,0
1401,354850005000277,1,"Male",9,"no",0,0
1402,354850005000277,2,"Male",6,"no",0,0
1403,354850005000277,1,"Male",5,"no",1,0
1404,354850005000277,1,"Female",12,"no",0,0
1405,354850005000102,1,"Male",8,"no",0,0
1406,354850005000102,1,"Female",14,"yes",0,0
1407,354850005000102,0,"Male",3,"no",0,0
1408,354850005000102,2,"Female",10,"no",0,0
1409,354850005000527,1,"Male",3,"no",0,0
1410,354850005000527,1,"Male",5,"yes",0,0
1411,354850005000527,1,"Female",15,"no",0,0
1412,354850005000527,0,"Male",7,"yes",0,0
1413,354850005000481,3,"Male",9,"no",0,0
1414,354850005000481,1,"Male",7,"yes",0,0
1415,354850005000481,0,"Female",5,"no",0,1
1416,354850005000481,1,"Female",12,"no",0,0
1417,354850005000292,2,"Male",9,"no",0,0
1418,354850005000292,0,"Female",0,"yes",1,0
1419,354850005000292,0,"Female",9,"no",0,0
1420,354850005000292,1,"Female",13,"no",0,0
1421,354850005000321,1,"Male",5,"no",0,0
1422,354850005000321,1,"Female",13,"no",0,0
1423,354850005000321,1,"Female",1,"no",0,0
1424,354850005000321,0,"Male",2,"no",0,0
1425,354850005000468,0,"Male",0,"yes",0,0
1426,354850005000468,3,"Female",0,"no",0,0
1427,354850005000468,1,"Female",8,"no",0,0
1428,354850005000468,2,"Male",8,"no",1,0
1429,354850005000547,2,"Male",11,"no",0,0
1430,354850005000547,0,"Male",7,"no",0,0
1431,354850005000547,0,"Male",11,"no",0,0
1432,354850005000547,0,"Male",11,"no",0,0
1433,354850005000216,0,"Male",7,"no",0,0
1434,354850005000216,1,"Male",4,"yes",0,0
1435,354850005000216,0,"Male",3,"no",0,0
1436,354850005000216,2,"Male",1,"no",0,0
1437,354850005000336,0,"Female",10,"no",1,0
1438,354850005000336,2,"Male",11,"no",0,0
1439,354850005000336,0,"Female",8,"yes",0,0
1440,354850005000336,0,"Male",3,"yes",0,0
